Name,Similar Movies,IMDb URL
The Shawshank Redemption,"The Dark Knight, The Godfather, Forrest Gump, Fight Club, Pulp Fiction, Inception, Schindler's List, The Green Mile, Se7en, The Lord of the Rings: The Return of the King, The Godfather Part II, 12 Angry Men",https://www.imdb.com/title/tt0111161/
The Godfather,"The Godfather Part II, The Shawshank Redemption, The Dark Knight, Pulp Fiction, Forrest Gump, The Godfather Part III, Fight Club, Goodfellas, The Lord of the Rings: The Return of the King, Schindler's List, Inception, The Silence of the Lambs",https://www.imdb.com/title/tt0068646/
The Dark Knight,"The Dark Knight Rises, Batman Begins, Inception, The Shawshank Redemption, Fight Club, The Lord of the Rings: The Return of the King, Forrest Gump, The Godfather, Pulp Fiction, The Lord of the Rings: The Fellowship of the Ring, The Matrix, Joker",https://www.imdb.com/title/tt0468569/
The Godfather Part II,"The Godfather, The Godfather Part III, The Shawshank Redemption, Schindler's List, Goodfellas, Pulp Fiction, The Dark Knight, The Lord of the Rings: The Return of the King, Forrest Gump, 12 Angry Men, Fight Club, The Good, the Bad and the Ugly",https://www.imdb.com/title/tt0071562/
Schindler's List,"The Shawshank Redemption, Forrest Gump, Pulp Fiction, Saving Private Ryan, The Godfather, The Godfather Part II, 12 Angry Men, The Lord of the Rings: The Return of the King, The Silence of the Lambs, The Pianist, Fight Club, The Green Mile",https://www.imdb.com/title/tt0108052/
The Lord of the Rings: The Return of the King,"The Lord of the Rings: The Two Towers, The Lord of the Rings: The Fellowship of the Ring, The Dark Knight, The Matrix, Forrest Gump, The Shawshank Redemption, Pulp Fiction, Inception, Star Wars: Episode V - The Empire Strikes Back, The Hobbit: An Unexpected Journey, Fight Club, Schindler's List",https://www.imdb.com/title/tt0167260/
12 Angry Men,"Schindler's List, The Shawshank Redemption, The Godfather Part II, The Good, the Bad and the Ugly, The Godfather, Pulp Fiction, Forrest Gump, One Flew Over the Cuckoo's Nest, The Lord of the Rings: The Return of the King, The Dark Knight, Fight Club, Goodfellas",https://www.imdb.com/title/tt0050083/
The Lord of the Rings: The Fellowship of the Ring,"The Lord of the Rings: The Two Towers, The Lord of the Rings: The Return of the King, The Matrix, The Hobbit: An Unexpected Journey, Forrest Gump, The Dark Knight, Star Wars: Episode V - The Empire Strikes Back, Pulp Fiction, Inception, The Hobbit: The Desolation of Smaug, Fight Club, The Hobbit: The Battle of the Five Armies",https://www.imdb.com/title/tt0120737/
Pulp Fiction,"Fight Club, Forrest Gump, Django Unchained, The Shawshank Redemption, Inglourious Basterds, Se7en, Inception, The Dark Knight, The Godfather, Schindler's List, The Silence of the Lambs, The Matrix",https://www.imdb.com/title/tt0110912/
Inception,"Fight Club, The Dark Knight, Forrest Gump, Interstellar, Shutter Island, Se7en, The Matrix, Pulp Fiction, The Shawshank Redemption, The Wolf of Wall Street, The Prestige, The Dark Knight Rises",https://www.imdb.com/title/tt1375666/
Fight Club,"Inception, Forrest Gump, Se7en, Pulp Fiction, The Dark Knight, The Shawshank Redemption, The Matrix, The Wolf of Wall Street, Shutter Island, Django Unchained, Inglourious Basterds, The Silence of the Lambs",https://www.imdb.com/title/tt0137523/
Forrest Gump,"Fight Club, Pulp Fiction, Inception, The Shawshank Redemption, The Dark Knight, The Green Mile, The Matrix, Se7en, Saving Private Ryan, Schindler's List, The Lord of the Rings: The Return of the King, The Wolf of Wall Street",https://www.imdb.com/title/tt0109830/
The Lord of the Rings: The Two Towers,"The Lord of the Rings: The Return of the King, The Lord of the Rings: The Fellowship of the Ring, The Matrix, Star Wars: Episode V - The Empire Strikes Back, Forrest Gump, The Hobbit: An Unexpected Journey, The Dark Knight, The Hobbit: The Desolation of Smaug, The Hobbit: The Battle of the Five Armies, Star Wars: Episode IV - A New Hope, Fight Club, Inception",https://www.imdb.com/title/tt0167261/
"The Good, the Bad and the Ugly","Schindler's List, 12 Angry Men, For a Few Dollars More, A Fistful of Dollars, One Flew Over the Cuckoo's Nest, The Lord of the Rings: The Return of the King, The Godfather Part II, Forrest Gump, The Godfather, Goodfellas, Pulp Fiction, Star Wars: Episode V - The Empire Strikes Back",https://www.imdb.com/title/tt0060196/
12th Fail,"3 Idiots, Maharaja, Dangal, Lost Ladies, Animal, Jai Bhim, Capernaum, Kalki 2898 AD, Drishyam, PK, The Lives of Others, Dunki",https://www.imdb.com/title/tt23849204/
Interstellar,"Inception, The Dark Knight, Fight Club, Forrest Gump, Se7en, The Shawshank Redemption, The Wolf of Wall Street, The Matrix, Let Us Prey: A Ministry of Scandals, Who Killed Robert Wone?, Hell Camp: Teen Nightmare, Teen Torture, Inc.",https://www.imdb.com/title/tt0816692/
Goodfellas,"Pulp Fiction, The Godfather, The Godfather Part II, Se7en, Fight Club, The Silence of the Lambs, One Flew Over the Cuckoo's Nest, Forrest Gump, The Departed, Inception, The Matrix, Schindler's List",https://www.imdb.com/title/tt0099685/
The Matrix,"Inception, Fight Club, Forrest Gump, The Lord of the Rings: The Two Towers, The Lord of the Rings: The Return of the King, The Lord of the Rings: The Fellowship of the Ring, Pulp Fiction, The Matrix Reloaded, The Dark Knight, Star Wars: Episode V - The Empire Strikes Back, Se7en, Saving Private Ryan",https://www.imdb.com/title/tt0133093/
One Flew Over the Cuckoo's Nest,"Goodfellas, The Silence of the Lambs, The Good, the Bad and the Ugly, Schindler's List, Se7en, 12 Angry Men, Forrest Gump, Life Is Beautiful, Saving Private Ryan, Pulp Fiction, The Green Mile, The Matrix",https://www.imdb.com/title/tt0073486/
Star Wars: Episode V - The Empire Strikes Back,"Star Wars: Episode IV - A New Hope, Star Wars: Episode VI - Return of the Jedi, Star Wars: Episode III - Revenge of the Sith, Star Wars: Episode I - The Phantom Menace, Star Wars: Episode II - Attack of the Clones, Star Wars: Episode VII - The Force Awakens, The Lord of the Rings: The Two Towers, The Lord of the Rings: The Return of the King, The Matrix, The Lord of the Rings: The Fellowship of the Ring, Star Wars: Episode VIII - The Last Jedi, Back to the Future",https://www.imdb.com/title/tt0080684/
Jai Bhim,"Soorarai Pottru, Maharaja, Vikram, Kaithi, 12th Fail, Asuran, Sita Ramam, Dangal, Vikram Vedha, 96, K.G.F: Chapter 1, Raatchasan",https://www.imdb.com/title/tt15097216/
The Silence of the Lambs,"Se7en, Pulp Fiction, Forrest Gump, Saving Private Ryan, The Green Mile, Fight Club, Inception, The Matrix, One Flew Over the Cuckoo's Nest, Goodfellas, Hannibal, Schindler's List",https://www.imdb.com/title/tt0102926/
Se7en,"Fight Club, The Silence of the Lambs, Inception, Pulp Fiction, Shutter Island, Forrest Gump, The Shawshank Redemption, The Green Mile, The Matrix, Django Unchained, The Dark Knight, Saving Private Ryan",https://www.imdb.com/title/tt0114369/
Saving Private Ryan,"The Green Mile, Forrest Gump, The Silence of the Lambs, Schindler's List, Se7en, The Pianist, The Matrix, Terminator 2: Judgment Day, Fight Club, Inception, Pulp Fiction, The Shawshank Redemption",https://www.imdb.com/title/tt0120815/
The Green Mile,"Saving Private Ryan, Forrest Gump, The Shawshank Redemption, The Silence of the Lambs, Se7en, The Pianist, Fight Club, Schindler's List, Life Is Beautiful, The Matrix, Back to the Future, Pulp Fiction",https://www.imdb.com/title/tt0120689/
Spider-Man: Across the Spider-Verse,"Spider-Man: No Way Home, Avengers: Infinity War, Avengers: Endgame, Dune: Part Two, Star Wars: Episode IV - A New Hope, Back to the Future, The Dark Knight, The Matrix, Spider-Man: Far from Home, Whiplash, Spider-Man, Spider-Man: Homecoming",https://www.imdb.com/title/tt9362722/
City of God,"Life Is Beautiful, American History X, Saving Private Ryan, Léon: The Professional, Seven Samurai, The Silence of the Lambs, One Flew Over the Cuckoo's Nest, The Green Mile, Goodfellas, Se7en, The Pianist, The Departed",https://www.imdb.com/title/tt0317248/
Spirited Away,"Howl's Moving Castle, My Neighbor Totoro, The Lion King, Ponyo, Kiki's Delivery Service, WALL·E, Castle in the Sky, Up, Spirited Away: Live on Stage, Coco, Monsters, Inc., Ratatouille",https://www.imdb.com/title/tt0245429/
Star Wars: Episode IV - A New Hope,"Star Wars: Episode V - The Empire Strikes Back, Star Wars: Episode VI - Return of the Jedi, Star Wars: Episode III - Revenge of the Sith, Star Wars: Episode I - The Phantom Menace, Star Wars: Episode II - Attack of the Clones, Star Wars: Episode VII - The Force Awakens, Back to the Future, Star Wars: Episode VIII - The Last Jedi, Rogue One: A Star Wars Story, The Lord of the Rings: The Two Towers, Terminator 2: Judgment Day, Star Wars: Episode IX - The Rise of Skywalker",https://www.imdb.com/title/tt0076759/
Terminator 2: Judgment Day,"The Terminator, Saving Private Ryan, Back to the Future, Star Wars: Episode IV - A New Hope, The Matrix, Terminator 3: Rise of the Machines, Star Wars: Episode V - The Empire Strikes Back, The Godfather, The Green Mile, The Silence of the Lambs, The Golden Boy, The Lord of the Rings: The Return of the King",https://www.imdb.com/title/tt0103064/
It's a Wonderful Life,"Spirited Away, The Lion King, It's a Wonderful Life: The Rest of the Story, Toy Story, WALL·E, The Wizard of Oz, Spider-Man: Into the Spider-Verse, Toy Story 3, Up, Coco, Finding Nemo, Monsters, Inc.",https://www.imdb.com/title/tt0038650/
Life Is Beautiful,"The Pianist, City of God, The Green Mile, Saving Private Ryan, Schindler's List, One Flew Over the Cuckoo's Nest, Forrest Gump, The Silence of the Lambs, American History X, The Intouchables, Back to the Future, Seven Samurai",https://www.imdb.com/title/tt0118799/
Seven Samurai,"City of God, Life Is Beautiful, The Good, the Bad and the Ugly, One Flew Over the Cuckoo's Nest, Harakiri, The Silence of the Lambs, Saving Private Ryan, Goodfellas, Terminator 2: Judgment Day, Star Wars: Episode IV - A New Hope, The Green Mile, 12 Angry Men",https://www.imdb.com/title/tt0047478/
Harakiri,"Cinema Paradiso, Modern Times, Seven Samurai, City Lights, Grave of the Fireflies, Casablanca, Once Upon a Time in the West, American History X, The Usual Suspects, The Intouchables, Rear Window, High and Low",https://www.imdb.com/title/tt0056058/
Gladiator,"Saving Private Ryan, Forrest Gump, The Green Mile, The Matrix, The Lord of the Rings: The Return of the King, The Lord of the Rings: The Two Towers, Se7en, The Shawshank Redemption, The Lord of the Rings: The Fellowship of the Ring, Inception, The Dark Knight, Back to the Future",https://www.imdb.com/title/tt0172495/
Dune: Part Two,"Dune: Part One, Oppenheimer, Spider-Man: Across the Spider-Verse, Inception, Fight Club, The Lord of the Rings: The Fellowship of the Ring, The Lord of the Rings: The Return of the King, The Matrix, The Lord of the Rings: The Two Towers, Dune, The Dark Knight, Forrest Gump",https://www.imdb.com/title/tt15239678/
Alien,"Aliens, Alien³, Alien Resurrection, Prometheus, Alien: Covenant, Terminator 2: Judgment Day, Back to the Future, The Matrix, Alien: Romulus, The Terminator, Star Wars: Episode IV - A New Hope, Predator",https://www.imdb.com/title/tt0078748/
Parasite,"Inception, Fight Club, Se7en, Forrest Gump, Whiplash, Pulp Fiction, The Silence of the Lambs, The Pianist, Django Unchained, Joker, Shutter Island, The Prestige",https://www.imdb.com/title/tt6751668/
Léon: The Professional,"American History X, The Pianist, The Departed, The Usual Suspects, The Green Mile, The Prestige, Pulp Fiction, Se7en, The Silence of the Lambs, The Intouchables, Life Is Beautiful, Whiplash",https://www.imdb.com/title/tt0110413/
Whiplash,"Fight Club, Parasite, Forrest Gump, The Pianist, The Departed, Django Unchained, Léon: The Professional, The Wolf of Wall Street, Inception, Pulp Fiction, Se7en, The Prestige",https://www.imdb.com/title/tt2582802/
The Prestige,"Inception, Memento, Se7en, The Departed, Shutter Island, Fight Club, Django Unchained, The Usual Suspects, The Dark Knight, American History X, Léon: The Professional, The Matrix",https://www.imdb.com/title/tt0482571/
The Departed,"The Prestige, Goodfellas, Se7en, Django Unchained, American History X, Shutter Island, The Usual Suspects, Inception, Léon: The Professional, Inglourious Basterds, The Silence of the Lambs, Pulp Fiction",https://www.imdb.com/title/tt0407887/
Back to the Future,"Back to the Future Part II, Star Wars: Episode IV - A New Hope, Back to the Future Part III, Terminator 2: Judgment Day, Star Wars: Episode V - The Empire Strikes Back, Forrest Gump, The Matrix, The Green Mile, Saving Private Ryan, The Silence of the Lambs, The Lord of the Rings: The Two Towers, The Lord of the Rings: The Fellowship of the Ring",https://www.imdb.com/title/tt0088763/
Django Unchained,"Inglourious Basterds, Pulp Fiction, The Wolf of Wall Street, Shutter Island, Fight Club, Forrest Gump, Inception, Se7en, The Departed, The Dark Knight, Catch Me If You Can, Reservoir Dogs",https://www.imdb.com/title/tt1853728/
The Lion King,"Toy Story, WALL·E, Finding Nemo, Up, Monsters, Inc., Ratatouille, The Lion King, Toy Story 3, Spirited Away, The Incredibles, Coco, The Lion King II: Simba's Pride",https://www.imdb.com/title/tt0110357/
The Usual Suspects,"The Departed, The Prestige, American History X, Léon: The Professional, Se7en, Memento, The Silence of the Lambs, Goodfellas, One Flew Over the Cuckoo's Nest, Reservoir Dogs, Pulp Fiction, The Green Mile",https://www.imdb.com/title/tt0114814/
Psycho,"Rear Window, The Silence of the Lambs, The Shining, Vertigo, The Pianist, One Flew Over the Cuckoo's Nest, American History X, Léon: The Professional, Back to the Future, Casablanca, Star Wars: Episode IV - A New Hope, The Departed",https://www.imdb.com/title/tt0054215/
American History X,"Léon: The Professional, The Departed, The Pianist, The Usual Suspects, The Prestige, The Green Mile, Whiplash, City of God, Se7en, Life Is Beautiful, The Silence of the Lambs, The Intouchables",https://www.imdb.com/title/tt0120586/
Once Upon a Time in the West,"City Lights, Casablanca, Once Upon a Time in America, Rear Window, Cinema Paradiso, The Good, the Bad and the Ugly, Hamilton, For a Few Dollars More, Modern Times, Grave of the Fireflies, Duck, You Sucker!, Sunset Boulevard",https://www.imdb.com/title/tt0064116/
The Pianist,"Life Is Beautiful, The Green Mile, Schindler's List, Saving Private Ryan, Léon: The Professional, Forrest Gump, American History X, Se7en, Whiplash, Fight Club, The Silence of the Lambs, The Intouchables",https://www.imdb.com/title/tt0253474/
Maharaja,"Lost Ladies, 12th Fail, Aavesham, Manjummel Boys, Kalki 2898 AD, Jai Bhim, Kill, Stree 2: Sarkate Ka Aatank, Vikram, Maharaj, Dangal, Kaithi",https://www.imdb.com/title/tt26548265/
The Intouchables,"Forrest Gump, Léon: The Professional, The Pianist, Django Unchained, The Prestige, The Green Mile, American History X, Life Is Beautiful, Inception, Parasite, Whiplash, Green Book",https://www.imdb.com/title/tt1675434/
Casablanca,"Once Upon a Time in the West, Grave of the Fireflies, Cinema Paradiso, Rear Window, Modern Times, City Lights, Harakiri, Psycho, The Departed, Casablanca, Gone with the Wind, Citizen Kane",https://www.imdb.com/title/tt0034583/
Grave of the Fireflies,"Casablanca, Princess Mononoke, Once Upon a Time in the West, Hamilton, Spider-Man: Across the Spider-Verse, Your Name., Harakiri, Taxi Driver, Grave of the Fireflies, Gladiator, Green Book, American History X",https://www.imdb.com/title/tt0095327/
Rear Window,"Vertigo, City Lights, Psycho, Once Upon a Time in the West, Casablanca, Modern Times, Sunset Boulevard, Cinema Paradiso, Dial M for Murder, North by Northwest, Apocalypse Now, Paths of Glory",https://www.imdb.com/title/tt0047396/
Cinema Paradiso,"Modern Times, Harakiri, City Lights, Casablanca, Once Upon a Time in the West, The Intouchables, Rear Window, The Lives of Others, Life Is Beautiful, Sunset Boulevard, Apocalypse Now, American History X",https://www.imdb.com/title/tt0095765/
City Lights,"Modern Times, The Great Dictator, Once Upon a Time in the West, Cinema Paradiso, Rear Window, Sunset Boulevard, Apocalypse Now, Casablanca, The Gold Rush, Harakiri, Paths of Glory, The Lives of Others",https://www.imdb.com/title/tt0021749/
Modern Times,"City Lights, The Great Dictator, Cinema Paradiso, Rear Window, Harakiri, Once Upon a Time in the West, Casablanca, Sunset Boulevard, The Intouchables, The Gold Rush, Apocalypse Now, The Lives of Others",https://www.imdb.com/title/tt0027977/
Joker,"The Wolf of Wall Street, The Dark Knight, Fight Club, Forrest Gump, Inception, The Dark Knight Rises, Shutter Island, Inglourious Basterds, Django Unchained, Pulp Fiction, Parasite, Joker: Folie à Deux",https://www.imdb.com/title/tt7286456/
Coco,"Up, WALL·E, Inside Out, Toy Story, Ratatouille, Toy Story 3, Finding Nemo, Monsters, Inc., Soul, The Lion King, Spider-Man: Into the Spider-Verse, The Incredibles",https://www.imdb.com/title/tt2380307/
Inglourious Basterds,"Django Unchained, Pulp Fiction, The Wolf of Wall Street, Shutter Island, Fight Club, Forrest Gump, Se7en, Inception, Reservoir Dogs, Inglorious Basterds: Stolz der Nation, The Dark Knight Rises, Kill Bill: Vol. 1",https://www.imdb.com/title/tt0361748/
The Shining,"A Clockwork Orange, The Silence of the Lambs, Inglourious Basterds, Se7en, Psycho, Pulp Fiction, The Truman Show, Taxi Driver, Full Metal Jacket, Fight Club, Forrest Gump, 2001: A Space Odyssey",https://www.imdb.com/title/tt0081505/
Avengers: Endgame,"Avengers: Infinity War, The Avengers, Spider-Man: No Way Home, Avengers: Age of Ultron, Captain America: Civil War, Thor: Ragnarok, Spider-Man: Far from Home, Iron Man, Spider-Man: Homecoming, The Dark Knight Rises, Guardians of the Galaxy, Black Panther",https://www.imdb.com/title/tt4154796/
The Dark Knight Rises,"Batman Begins, The Dark Knight, Inception, The Wolf of Wall Street, Avengers: Infinity War, Avengers: Endgame, Joker, Inglourious Basterds, Django Unchained, Shutter Island, Fight Club, Forrest Gump",https://www.imdb.com/title/tt1345836/
Aliens,"Alien, Alien³, Alien Resurrection, Prometheus, Alien: Covenant, Predator, The Terminator, Alien vs. Predator, Terminator 2: Judgment Day, Predator 2, Raiders of the Lost Ark, Alien: Earth",https://www.imdb.com/title/tt0090605/
Memento,"The Prestige, Se7en, Shutter Island, The Departed, Inception, Django Unchained, The Usual Suspects, Inglourious Basterds, Léon: The Professional, American History X, Fight Club, Momento",https://www.imdb.com/title/tt0209144/
Apocalypse Now,"Paths of Glory, Amadeus, Ikiru, Come and See, Full Metal Jacket, Taxi Driver, Hamilton, Platoon, 2001: A Space Odyssey, The Conversation, A Clockwork Orange, Green Book",https://www.imdb.com/title/tt0078788/
Avengers: Infinity War,"Avengers: Endgame, The Avengers, Avengers: Age of Ultron, Spider-Man: No Way Home, Captain America: Civil War, Thor: Ragnarok, Captain America: The Winter Soldier, Guardians of the Galaxy, Iron Man, Spider-Man: Homecoming, Black Panther, Spider-Man: Far from Home",https://www.imdb.com/title/tt4154756/
Raiders of the Lost Ark,"Indiana Jones and the Last Crusade, Indiana Jones and the Temple of Doom, Indiana Jones and the Kingdom of the Crystal Skull, Star Wars: Episode VI - Return of the Jedi, Star Wars: Episode IV - A New Hope, Star Wars: Episode V - The Empire Strikes Back, Jurassic Park, Back to the Future, Die Hard, Indiana Jones and the Dial of Destiny, Terminator 2: Judgment Day, The Terminator",https://www.imdb.com/title/tt0082971/
WALL·E,"Up, Ratatouille, Finding Nemo, Toy Story, Monsters, Inc., The Incredibles, Toy Story 3, Coco, The Lion King, Inside Out, Spider-Man: Into the Spider-Verse, How to Train Your Dragon",https://www.imdb.com/title/tt0910970/
Spider-Man: Into the Spider-Verse,"WALL·E, Toy Story, Up, Toy Story 3, The Incredibles, Coco, Ratatouille, How to Train Your Dragon, Monsters, Inc., The Lion King, Finding Nemo, Inside Out",https://www.imdb.com/title/tt4633694/
Your Name.,"A Silent Voice: The Movie, Weathering with You, Suzume, Princess Mononoke, The Garden of Words, Grave of the Fireflies, 3 Idiots, Death Note, Spider-Man: Across the Spider-Verse, Avengers: Infinity War, Avengers: Endgame, Demon Slayer: Kimetsu no Yaiba - The Movie: Mugen Train",https://www.imdb.com/title/tt5311514/
Amadeus,"Paths of Glory, Ikiru, Apocalypse Now, Dr. Strangelove or: How I Learned to Stop Worrying and Love the Bomb, The Great Dictator, Come and See, Das Boot, American Beauty, Hamilton, Braveheart, The Lives of Others, Oldboy",https://www.imdb.com/title/tt0086879/
The Lives of Others,"Sunset Boulevard, Witness for the Prosecution, Cinema Paradiso, The Great Dictator, City Lights, Paths of Glory, The Hunt, Modern Times, Apocalypse Now, Rear Window, Amadeus, Memento",https://www.imdb.com/title/tt0405094/
Capernaum,"The Lives of Others, Come and See, 3 Idiots, The Hunt, High and Low, A Separation, Incendies, Once Upon a Time in America, Dangal, Singin' in the Rain, Cinema Paradiso, The Intouchables",https://www.imdb.com/title/tt8267604/
Sunset Boulevard,"Witness for the Prosecution, Paths of Glory, City Lights, The Lives of Others, The Great Dictator, Rear Window, Double Indemnity, Modern Times, Cinema Paradiso, Once Upon a Time in the West, The Apartment, Apocalypse Now",https://www.imdb.com/title/tt0043014/
Das Boot,"Amadeus, Dr. Strangelove or: How I Learned to Stop Worrying and Love the Bomb, Braveheart, The Great Dictator, Witness for the Prosecution, American Beauty, The Good, the Bad and the Ugly, Star Wars: Episode V - The Empire Strikes Back, Oldboy, Paths of Glory, Das Boot, The Godfather Part II",https://www.imdb.com/title/tt0082096/
3 Idiots,"Dangal, PK, 12th Fail, 3 Idiots, Munna Bhai M.B.B.S., Drishyam, Bajrangi Bhaijaan, Capernaum, Chhichhore, Your Name., Andhadhun, Baahubali 2: The Conclusion",https://www.imdb.com/title/tt1187043/
Witness for the Prosecution,"The Great Dictator, Sunset Boulevard, Paths of Glory, Amadeus, The Lives of Others, Das Boot, Dr. Strangelove or: How I Learned to Stop Worrying and Love the Bomb, Witness for the Prosecution, City Lights, The Shining, Double Indemnity, Modern Times",https://www.imdb.com/title/tt0051201/
Paths of Glory,"Witness for the Prosecution, Amadeus, The Great Dictator, Dr. Strangelove or: How I Learned to Stop Worrying and Love the Bomb, Sunset Boulevard, Come and See, Apocalypse Now, Ikiru, The Killing, Hamilton, Barry Lyndon, Spartacus",https://www.imdb.com/title/tt0050825/
The Great Dictator,"Witness for the Prosecution, Modern Times, City Lights, Paths of Glory, Amadeus, Dr. Strangelove or: How I Learned to Stop Worrying and Love the Bomb, Sunset Boulevard, Das Boot, Aliens, The Shining, The Lives of Others, The Gold Rush",https://www.imdb.com/title/tt0032553/
High and Low,"Ikiru, Yojimbo, Harakiri, Ran, Rashomon, Red Beard, Seven Samurai, Sanjuro, Throne of Blood, The Hidden Fortress, The Bad Sleep Well, Stray Dog",https://www.imdb.com/title/tt0057565/
The Wild Robot,"The Substance, Beetlejuice Beetlejuice, Deadpool & Wolverine, Alien: Romulus, Venom: The Last Dance, Smile 2, Joker: Folie à Deux, Beetlejuice, The Apprentice, Kamala Harris: 100 Days Out, The First Interview: Harris & Walz A CNN Exclusive, Barack and Michelle Obama Endorse Kamala Harris for President",https://www.imdb.com/title/tt29623480/
Oppenheimer,"Inception, The Wolf of Wall Street, Dune: Part Two, Joker, The Dark Knight, Shutter Island, Fight Club, The Dark Knight Rises, Interstellar, Forrest Gump, Top Gun: Maverick, Inglourious Basterds",https://www.imdb.com/title/tt15398776/
Good Will Hunting,"The Truman Show, Catch Me If You Can, Dead Poets Society, A Beautiful Mind, Forrest Gump, Fight Club, Shutter Island, The Wolf of Wall Street, Inglourious Basterds, Green Book, Se7en, Django Unchained",https://www.imdb.com/title/tt0119217/
Eternal Sunshine of the Spotless Mind,"The Truman Show, Requiem for a Dream, Good Will Hunting, American Beauty, A Beautiful Mind, Como Desaparecer Completamente, Her, Taxi Driver, Amélie, Shutter Island, Fight Club, Memento",https://www.imdb.com/title/tt0338013/
Requiem for a Dream,"Eternal Sunshine of the Spotless Mind, American Beauty, A Clockwork Orange, Memento, American History X, Léon: The Professional, Trainspotting, A Beautiful Mind, Taxi Driver, Black Swan, Fight Club, The Truman Show",https://www.imdb.com/title/tt0180093/
American Beauty,"Braveheart, Requiem for a Dream, American History X, The Usual Suspects, Good Will Hunting, Oldboy, A Beautiful Mind, Memento, Léon: The Professional, Amadeus, The Shining, Eternal Sunshine of the Spotless Mind",https://www.imdb.com/title/tt0169547/
Heat,"Scarface, Casino, Reservoir Dogs, Goodfellas, The Departed, L.A. Takedown, The Usual Suspects, Heat 2, Die Hard, Taxi Driver, No Country for Old Men, Snatch",https://www.imdb.com/title/tt0113277/
Come and See,"Ikiru, Paths of Glory, Hamilton, Amadeus, Apocalypse Now, Taxi Driver, Come and See, Green Book, The Black Widower: The Six Wives of Thomas Randolph, Teen Torture, Inc., Ctrl+Alt+Desire, The Story of the Film 'Come and See'",https://www.imdb.com/title/tt0091251/
Oldboy,"American Beauty, Parasite, Memento, Se7en, Inglourious Basterds, Memories of Murder, Requiem for a Dream, The Shining, Oldboy, Fight Club, No Country for Old Men, Léon: The Professional",https://www.imdb.com/title/tt0364569/
Scarface,"Taxi Driver, Goodfellas, The Wolf of Wall Street, The Godfather Part II, Reservoir Dogs, The Godfather, Pulp Fiction, Inglourious Basterds, Casino, Django Unchained, Fight Club, Heat",https://www.imdb.com/title/tt0086250/
Braveheart,"American Beauty, Saving Private Ryan, Gladiator, Inglourious Basterds, Good Will Hunting, A Beautiful Mind, The Green Mile, Schindler's List, Forrest Gump, American History X, Die Hard, Brave Heart",https://www.imdb.com/title/tt0112573/
2001: A Space Odyssey,"Citizen Kane, M, North by Northwest, A Clockwork Orange, A Separation, Barry Lyndon, Incendies, Full Metal Jacket, Dr. Strangelove or: How I Learned to Stop Worrying and Love the Bomb, 2010: The Year We Make Contact, The Shining, Closure",https://www.imdb.com/title/tt0062622/
Once Upon a Time in America,"Once Upon a Time in the West, Apocalypse Now, Heat, The Good, the Bad and the Ugly, Casino, Scarface, Raging Bull, Goodfellas, The Deer Hunter, Amadeus, Full Metal Jacket, Taxi Driver",https://www.imdb.com/title/tt0087843/
The Hunt,"Another Round, Oldboy, The Lives of Others, Requiem for a Dream, The Intouchables, American Beauty, American History X, Whiplash, Léon: The Professional, Memento, City of God, The Pianist",https://www.imdb.com/title/tt2106476/
North by Northwest,"Citizen Kane, M, Vertigo, Dial M for Murder, Rear Window, A Separation, 2001: A Space Odyssey, Incendies, The Birds, To Catch a Thief, Rope, Psycho",https://www.imdb.com/title/tt0053125/
Toy Story,"Toy Story 3, Toy Story 2, Monsters, Inc., Up, Finding Nemo, The Lion King, WALL·E, Toy Story 4, The Incredibles, Ratatouille, Coco, Inside Out",https://www.imdb.com/title/tt0114709/
Incendies,"A Separation, M, North by Northwest, Citizen Kane, 2001: A Space Odyssey, Polytechnique, Capernaum, The Hunt, Prisoners, Enemy, Maelstrom, Come and See",https://www.imdb.com/title/tt1255953/
Hamilton,"Come and See, Green Book, Ikiru, Taxi Driver, Amadeus, Paths of Glory, The Father, Capernaum, Once Upon a Time in the West, Apocalypse Now, Casablanca, Downfall",https://www.imdb.com/title/tt8503618/
Reservoir Dogs,"Pulp Fiction, Kill Bill: Vol. 1, Inglourious Basterds, Django Unchained, Kill Bill: Vol. 2, Scarface, No Country for Old Men, The Hateful Eight, The Departed, Taxi Driver, Goodfellas, Reservoir Cats",https://www.imdb.com/title/tt0105236/
Up,"WALL·E, Finding Nemo, Ratatouille, Monsters, Inc., Toy Story, Toy Story 3, The Incredibles, Inside Out, Coco, The Lion King, How to Train Your Dragon, Zootopia",https://www.imdb.com/title/tt1049413/
Dr. Strangelove or: How I Learned to Stop Worrying and Love the Bomb,"Amadeus, Barry Lyndon, 2001: A Space Odyssey, Paths of Glory, The Great Dictator, Das Boot, A Clockwork Orange, Full Metal Jacket, The Shining, American Beauty, Braveheart, A Boy Named Death",https://www.imdb.com/title/tt0057012/
Amélie,"A Beautiful Mind, The Grand Budapest Hotel, Life Is Beautiful, Eternal Sunshine of the Spotless Mind, A Clockwork Orange, The Truman Show, Requiem for a Dream, American Beauty, The Intouchables, Pan's Labyrinth, V for Vendetta, Léon: The Professional",https://www.imdb.com/title/tt0211915/
Princess Mononoke,"Nausicaä of the Valley of the Wind, Grave of the Fireflies, Your Name., The Wind Rises, Porco Rosso, The Boy and the Heron, Akira, Tales from Earthsea, Good Will Hunting, A Silent Voice: The Movie, Perfect Blue, Spider-Man: Across the Spider-Verse",https://www.imdb.com/title/tt0119698/
Lawrence of Arabia,"The Bridge on the River Kwai, Ben-Hur, Citizen Kane, Casablanca, Gone with the Wind, A Dangerous Man: Lawrence After Arabia, The Apartment, North by Northwest, Singin' in the Rain, Vertigo, 2001: A Space Odyssey, Unforgiven",https://www.imdb.com/title/tt0056172/
Toy Story 3,"Toy Story, Toy Story 2, Toy Story 4, Up, Finding Nemo, Monsters, Inc., The Incredibles, Ratatouille, WALL·E, The Lion King, How to Train Your Dragon, Coco",https://www.imdb.com/title/tt0435761/
Star Wars: Episode VI - Return of the Jedi,"Star Wars: Episode V - The Empire Strikes Back, Star Wars: Episode IV - A New Hope, Star Wars: Episode III - Revenge of the Sith, Star Wars: Episode II - Attack of the Clones, Star Wars: Episode I - The Phantom Menace, Star Wars: Episode VII - The Force Awakens, Star Wars: Episode VIII - The Last Jedi, Rogue One: A Star Wars Story, Star Wars: Episode IX - The Rise of Skywalker, Raiders of the Lost Ark, Indiana Jones and the Last Crusade, Solo: A Star Wars Story",https://www.imdb.com/title/tt0086190/
Metropolis,"M, Bicycle Thieves, Citizen Kane, Metropolis, North by Northwest, The General, Vertigo, The Cabinet of Dr. Caligari, The Passion of Joan of Arc, The Gold Rush, City Lights, 2001: A Space Odyssey",https://www.imdb.com/title/tt0017136/
Vertigo,"Rear Window, North by Northwest, Psycho, Dial M for Murder, Citizen Kane, Rope, The Birds, The Man Who Knew Too Much, Casablanca, 2001: A Space Odyssey, Chinatown, The Apartment",https://www.imdb.com/title/tt0052357/
Citizen Kane,"M, North by Northwest, 2001: A Space Odyssey, Vertigo, Casablanca, A Separation, Incendies, Rear Window, Gone with the Wind, Metropolis, Touch of Evil, Singin' in the Rain",https://www.imdb.com/title/tt0033467/
To Kill a Mockingbird,"Gone with the Wind, North by Northwest, Citizen Kane, The Sting, The Great Escape, Lawrence of Arabia, Ben-Hur, The Apartment, Indiana Jones and the Last Crusade, The Bridge on the River Kwai, Singin' in the Rain, Casablanca",https://www.imdb.com/title/tt0056592/
Singin' in the Rain,"Casablanca, The Apartment, Some Like It Hot, Citizen Kane, Rear Window, Gone with the Wind, North by Northwest, Sunset Boulevard, City Lights, Vertigo, Modern Times, To Kill a Mockingbird",https://www.imdb.com/title/tt0045152/
The Apartment,"Some Like It Hot, Double Indemnity, Sunset Boulevard, Witness for the Prosecution, Singin' in the Rain, North by Northwest, All About Eve, Vertigo, Lawrence of Arabia, The Sting, To Kill a Mockingbird, Casablanca",https://www.imdb.com/title/tt0053604/
The Sting,"Cool Hand Luke, The Bridge on the River Kwai, The Great Escape, Butch Cassidy and the Sundance Kid, Ben-Hur, Unforgiven, North by Northwest, To Kill a Mockingbird, The Apartment, Some Like It Hot, The Sting II, The Deer Hunter",https://www.imdb.com/title/tt0070735/
A Separation,"M, Incendies, The Salesman, Citizen Kane, North by Northwest, About Elly, 2001: A Space Odyssey, Life and a Day, Capernaum, A Hero, Fireworks Wednesday, The Hunt",https://www.imdb.com/title/tt1832382/
M,"Citizen Kane, North by Northwest, Metropolis, A Separation, Incendies, M, 2001: A Space Odyssey, Bicycle Thieves, Ikiru, Vertigo, Double Indemnity, M - A City Hunts a Murderer",https://www.imdb.com/title/tt0022100/
Dangal,"3 Idiots, PK, Bajrangi Bhaijaan, 12th Fail, Drishyam, Baahubali: The Beginning, Lagaan: Once Upon a Time in India, Baahubali 2: The Conclusion, Andhadhun, Jai Bhim, Munna Bhai M.B.B.S., Chhichhore",https://www.imdb.com/title/tt5074352/
Double Indemnity,"Sunset Boulevard, The Apartment, Witness for the Prosecution, All About Eve, North by Northwest, The Treasure of the Sierra Madre, The Third Man, Some Like It Hot, Dial M for Murder, M, The Maltese Falcon, Double Indemnity",https://www.imdb.com/title/tt0036775/
Ikiru,"Come and See, Paths of Glory, High and Low, Amadeus, Rashomon, Hamilton, Yojimbo, Ran, Apocalypse Now, Ikiru, Harakiri, Seven Samurai",https://www.imdb.com/title/tt0044741/
Judgment at Nuremberg,"Bicycle Thieves, All About Eve, Downfall, The Treasure of the Sierra Madre, The Father, Hamilton, Witness for the Prosecution, The Great Escape, The Bridge on the River Kwai, The Best Years of Our Lives, To Kill a Mockingbird, Paths of Glory",https://www.imdb.com/title/tt0055031/
Like Stars on Earth,"Chak De! India, My Father and My Son, Children of Heaven, Up, English Vinglish, Toy Story, Ratatouille, Finding Nemo, Harry Potter and the Deathly Hallows: Part 2, Toy Story 3, WALL·E, Coco",https://www.imdb.com/title/tt0986264/
Bicycle Thieves,"Metropolis, M, Citizen Kane, The Bicycle Thief, North by Northwest, Rashomon, Vertigo, A Separation, Judgment at Nuremberg, Umberto D., Wild Strawberries, Hamilton",https://www.imdb.com/title/tt0040522/
The Wolf of Wall Street,"Shutter Island, Django Unchained, Fight Club, Inception, Inglourious Basterds, Catch Me If You Can, Forrest Gump, Pulp Fiction, Joker, The Dark Knight, The Truman Show, The Dark Knight Rises",https://www.imdb.com/title/tt0993846/
Spider-Man: No Way Home,"Spider-Man: Far from Home, Spider-Man: Homecoming, Avengers: Endgame, Avengers: Infinity War, Spider-Man, The Avengers, The Amazing Spider-Man, Captain America: Civil War, Spider-Man: Across the Spider-Verse, Spider-Man 2, Thor: Ragnarok, Doctor Strange in the Multiverse of Madness",https://www.imdb.com/title/tt10872600/
Jurassic Park,"The Lost World: Jurassic Park, Jurassic Park III, Jurassic World, Raiders of the Lost Ark, Star Wars: Episode VI - Return of the Jedi, Indiana Jones and the Last Crusade, Back to the Future, Pirates of the Caribbean: The Curse of the Black Pearl, Star Wars: Episode IV - A New Hope, Star Wars: Episode V - The Empire Strikes Back, The Terminator, Die Hard",https://www.imdb.com/title/tt0107290/
Top Gun: Maverick,"Top Gun, Oppenheimer, Avengers: Endgame, The Wolf of Wall Street, Spider-Man: No Way Home, Avengers: Infinity War, Forrest Gump, Inception, 1917, The Dark Knight Rises, Joker, Catch Me If You Can",https://www.imdb.com/title/tt1745960/
The Thing,"The Thing, Alien, The Exorcist, The Shining, Aliens, The Fly, Halloween, The Terminator, Blade Runner, Predator, Jaws, Psycho",https://www.imdb.com/title/tt0084787/
Prisoners,"Shutter Island, Nightcrawler, Gone Girl, Se7en, No Country for Old Men, The Prestige, The Wolf of Wall Street, Zodiac, Inglourious Basterds, Django Unchained, Memento, Catch Me If You Can",https://www.imdb.com/title/tt1392214/
Shutter Island,"The Wolf of Wall Street, Inception, Se7en, Fight Club, Django Unchained, Catch Me If You Can, Inglourious Basterds, The Truman Show, Forrest Gump, The Prestige, Pulp Fiction, The Departed",https://www.imdb.com/title/tt1130884/
The Sixth Sense,"A Beautiful Mind, The Truman Show, Shutter Island, Unbreakable, Signs, American Beauty, Die Hard, Good Will Hunting, Jurassic Park, Kill Bill: Vol. 1, Pan's Labyrinth, The Village",https://www.imdb.com/title/tt0167404/
Batman Begins,"The Dark Knight Rises, The Dark Knight, The Wolf of Wall Street, Avengers: Infinity War, Inception, Avengers: Endgame, The Batman, Joker, Shutter Island, Spider-Man: No Way Home, Django Unchained, Fight Club",https://www.imdb.com/title/tt0372784/
Unforgiven,"Gran Torino, Million Dollar Baby, For a Few Dollars More, The Deer Hunter, Platoon, The Bridge on the River Kwai, Pale Rider, The Good, the Bad and the Ugly, Unforgiven, Ben-Hur, Casino, Die Hard",https://www.imdb.com/title/tt0105695/
No Country for Old Men,"Inglourious Basterds, There Will Be Blood, Reservoir Dogs, Django Unchained, Shutter Island, Prisoners, Taxi Driver, The Departed, Catch Me If You Can, The Wolf of Wall Street, Scarface, Se7en",https://www.imdb.com/title/tt0477348/
Taxi Driver,"Green Book, Once Upon a Time in the West, Hamilton, Scarface, Goodfellas, Shutter Island, Raging Bull, The Wolf of Wall Street, L.A. Confidential, Fight Club, A Clockwork Orange, Casino",https://www.imdb.com/title/tt0075314/
Die Hard,"Die Hard 2, Die Hard with a Vengeance, Indiana Jones and the Last Crusade, The Terminator, Jurassic Park, Raiders of the Lost Ark, Live Free or Die Hard, Star Wars: Episode VI - Return of the Jedi, Braveheart, Terminator 2: Judgment Day, Back to the Future, A Good Day to Die Hard",https://www.imdb.com/title/tt0095016/
Green Book,"Hamilton, Taxi Driver, Once Upon a Time in the West, The Intouchables, The Green Book: Guide to Freedom, Good Will Hunting, 1917, L.A. Confidential, The Wolf of Wall Street, Catch Me If You Can, The Truman Show, Forrest Gump",https://www.imdb.com/title/tt6966692/
The Truman Show,"Shutter Island, Catch Me If You Can, The Wolf of Wall Street, Forrest Gump, Fight Club, Inglourious Basterds, Good Will Hunting, Eternal Sunshine of the Spotless Mind, Inception, Pulp Fiction, Django Unchained, Se7en",https://www.imdb.com/title/tt0120382/
There Will Be Blood,"No Country for Old Men, Casino, Phantom Thread, Taxi Driver, Reservoir Dogs, Heat, Lincoln, Gangs of New York, Full Metal Jacket, A Beautiful Mind, My Left Foot, Django Unchained",https://www.imdb.com/title/tt0469494/
Full Metal Jacket,"A Clockwork Orange, 2001: A Space Odyssey, Barry Lyndon, Dr. Strangelove or: How I Learned to Stop Worrying and Love the Bomb, Apocalypse Now, The Shining, Reservoir Dogs, Platoon, Scarface, Mission: Guerrero, A Boy Named Death, Little Luis",https://www.imdb.com/title/tt0093058/
1917,"Hacksaw Ridge, Dunkirk, Inglourious Basterds, All Quiet on the Western Front, Saving Private Ryan, The Wolf of Wall Street, Django Unchained, Shutter Island, Green Book, Top Gun: Maverick, Oppenheimer, Joker",https://www.imdb.com/title/tt8579674/
A Clockwork Orange,"Full Metal Jacket, 2001: A Space Odyssey, The Shining, Barry Lyndon, Dr. Strangelove or: How I Learned to Stop Worrying and Love the Bomb, Taxi Driver, Reservoir Dogs, Requiem for a Dream, Eyes Wide Shut, Mission: Guerrero, Death's Sonata, A Boy Named Death",https://www.imdb.com/title/tt0066921/
Snatch,"Lock, Stock and Two Smoking Barrels, Reservoir Dogs, Trainspotting, Die Hard, No Country for Old Men, Scarface, Inglourious Basterds, Full Metal Jacket, The Usual Suspects, Snatch, The Wolf of Wall Street, Taxi Driver",https://www.imdb.com/title/tt0208092/
Casino,"Goodfellas, Scarface, Heat, Raging Bull, Reservoir Dogs, There Will Be Blood, The Departed, Taxi Driver, No Country for Old Men, Snatch, The Irishman, The Wolf of Wall Street",https://www.imdb.com/title/tt0112641/
Kill Bill: Vol. 1,"Kill Bill: Vol. 2, Reservoir Dogs, Pulp Fiction, Inglourious Basterds, Django Unchained, Kill Bill: The Whole Bloody Affair, Catch Me If You Can, The Truman Show, The Wolf of Wall Street, No Country for Old Men, The Hateful Eight, Shutter Island",https://www.imdb.com/title/tt0266697/
Pan's Labyrinth,"V for Vendetta, Amélie, The Sixth Sense, A Clockwork Orange, The Shape of Water, Kill Bill: Vol. 1, Requiem for a Dream, Jurassic Park, No Country for Old Men, Trainspotting, The Truman Show, A Beautiful Mind",https://www.imdb.com/title/tt0457430/
Howl's Moving Castle,"Spirited Away, My Neighbor Totoro, Kiki's Delivery Service, Ponyo, Castle in the Sky, The Secret World of Arrietty, Ratatouille, Monsters, Inc., WALL·E, Up, Finding Nemo, Whisper of the Heart",https://www.imdb.com/title/tt0347149/
A Beautiful Mind,"V for Vendetta, Rashomon, Eternal Sunshine of the Spotless Mind, Good Will Hunting, Rocky, The Elephant Man, Catch Me If You Can, Mary and Max, Prisoners, The Truman Show, American Beauty, Shutter Island",https://www.imdb.com/title/tt0268978/
Finding Nemo,"Monsters, Inc., Up, Ratatouille, The Incredibles, Toy Story, Toy Story 3, Finding Dory, WALL·E, Inside Out, The Lion King, How to Train Your Dragon, Cars",https://www.imdb.com/title/tt0266543/
Downfall,"1917, The Lives of Others, A Beautiful Mind, Das Boot, Gran Torino, Full Metal Jacket, The Pianist, There Will Be Blood, Snatch, Braveheart, The Hunt, Heat",https://www.imdb.com/title/tt0363163/
Gone with the Wind,"Ben-Hur, Casablanca, It Happened One Night, The Bridge on the River Kwai, Citizen Kane, Some Like It Hot, Scarlett, Singin' in the Rain, Lawrence of Arabia, On the Waterfront, Rebecca, Mr. Smith Goes to Washington",https://www.imdb.com/title/tt0031381/
L.A. Confidential,"Taxi Driver, Green Book, Who Killed Billie-Jo, Car Crash: Who's Lying?, How to Create a Sex Scandal, Undercurrent: The Disappearance of Kim Wall, White Jazz, A Dangerous Son, Mind Over Murder, Interstellar, The Usual Suspects, In the Name of the Father",https://www.imdb.com/title/tt0119488/
Indiana Jones and the Last Crusade,"Raiders of the Lost Ark, Indiana Jones and the Temple of Doom, Indiana Jones and the Kingdom of the Crystal Skull, Star Wars: Episode VI - Return of the Jedi, Jurassic Park, Die Hard, Indiana Jones and the Dial of Destiny, Star Wars: Episode V - The Empire Strikes Back, Star Wars: Episode IV - A New Hope, Back to the Future, The Terminator, Pirates of the Caribbean: The Curse of the Black Pearl",https://www.imdb.com/title/tt0097576/
Klaus,"Coco, Ratatouille, Up, How to Train Your Dragon, The Iron Giant, Finding Nemo, WALL·E, Monsters, Inc., Spider-Man: Into the Spider-Verse, Howl's Moving Castle, My Neighbor Totoro, Inside Out",https://www.imdb.com/title/tt4729430/
The Father,"12 Years a Slave, Green Book, 1917, A Beautiful Mind, Amélie, There Will Be Blood, Room, The Hunt, Three Billboards Outside Ebbing, Missouri, Spotlight, A Separation, The Son",https://www.imdb.com/title/tt10272386/
The Great Escape,"The Bridge on the River Kwai, Ben-Hur, Cool Hand Luke, The Sting, The Treasure of the Sierra Madre, The Great Escape, To Kill a Mockingbird, The Great Escape II: The Untold Story, Monty Python and the Holy Grail, The Deer Hunter, Gone with the Wind, Unforgiven",https://www.imdb.com/title/tt0057115/
The Secret in Their Eyes,"Wild Tales, Hotel Rwanda, The Lives of Others, Secret in Their Eyes, Nine Queens, Incendies, Raging Bull, Amores Perros, In the Name of the Father, V for Vendetta, Room, Rashomon",https://www.imdb.com/title/tt1305806/
Monty Python and the Holy Grail,"Monty Python's Life of Brian, The Meaning of Life, Indiana Jones and the Last Crusade, Jaws, Groundhog Day, Monty Python's Flying Circus, Raiders of the Lost Ark, The Big Lebowski, Die Hard, Jurassic Park, Monty Python Live at the Hollywood Bowl, Monty Python's and Now for Something Completely Different",https://www.imdb.com/title/tt0071853/
Some Like It Hot,"The Apartment, All About Eve, Singin' in the Rain, The Seven Year Itch, Gone with the Wind, Sunset Boulevard, Double Indemnity, North by Northwest, Dial M for Murder, The Sting, Gentlemen Prefer Blondes, Casablanca",https://www.imdb.com/title/tt0053291/
The Elephant Man,"Rashomon, Mary and Max, A Beautiful Mind, Rocky, V for Vendetta, Eraserhead, Ctrl+Alt+Desire, Teen Torture, Inc., The Black Widower: The Six Wives of Thomas Randolph, Blue Velvet, Eternal Sunshine of the Spotless Mind, Prisoners",https://www.imdb.com/title/tt0080678/
For a Few Dollars More,"A Fistful of Dollars, The Good, the Bad and the Ugly, Once Upon a Time in the West, Unforgiven, Once Upon a Time in America, Duck, You Sucker!, Raging Bull, The Outlaw Josey Wales, Gran Torino, Hang 'Em High, High Plains Drifter, Ben-Hur",https://www.imdb.com/title/tt0059578/
Ran,"Yojimbo, Rashomon, Kagemusha: The Shadow Warrior, Ikiru, Seven Samurai, High and Low, Throne of Blood, The Hidden Fortress, Harakiri, Sanjuro, Barry Lyndon, The Treasure of the Sierra Madre",https://www.imdb.com/title/tt0089881/
All About Eve,"Some Like It Hot, The Treasure of the Sierra Madre, Double Indemnity, The Apartment, Sunset Boulevard, The Best Years of Our Lives, Rebecca, It Happened One Night, On the Waterfront, Mr. Smith Goes to Washington, Judgment at Nuremberg, The Bridge on the River Kwai",https://www.imdb.com/title/tt0042192/
Demon Slayer: Kimetsu no Yaiba - The Movie: Mugen Train,"Demon Slayer: Kimetsu no Yaiba - Tsuzumi Mansion Arc, Demon Slayer: Kimetsu No Yaiba - To the Swordsmith Village, Demon Slayer: Kimetsu no Yaiba, Demon Slayer: Kimetsu no Yaiba - Mt. Natagumo Arc, Jujutsu Kaisen 0, Demon Slayer: Kimetsu No Yaiba - To the Hashira Training, Demon Slayer: Kimetsu no Yaiba - Sibling's Bond, Jujutsu Kaisen, Demon Slayer: Kimetsu no Yaiba - Asakusa Arc, Chainsaw Man, Solo Leveling, Naruto",https://www.imdb.com/title/tt11032374/
Rashomon,"Yojimbo, The Elephant Man, Ran, Ikiru, Mary and Max, A Beautiful Mind, Seven Samurai, Throne of Blood, High and Low, V for Vendetta, The Hidden Fortress, Ctrl+Alt+Desire",https://www.imdb.com/title/tt0042876/
Dial M for Murder,"North by Northwest, Rear Window, Strangers on a Train, Rope, Vertigo, To Catch a Thief, Rebecca, The Man Who Knew Too Much, Notorious, Shadow of a Doubt, The Birds, Double Indemnity",https://www.imdb.com/title/tt0046912/
Yojimbo,"Sanjuro, Rashomon, Ran, High and Low, The Hidden Fortress, Seven Samurai, The Treasure of the Sierra Madre, Throne of Blood, Ikiru, The Great Escape, Red Beard, Harakiri",https://www.imdb.com/title/tt0055630/
Children of Heaven,"The Color of Paradise, Like Stars on Earth, The Song of Sparrows, My Father and My Son, Where Is the Friend's House?, The Kid, Hachi: A Dog's Tale, Klaus, Noora (The Kiss of Life), Naneh Lala va bacheharesh, My Neighbor Totoro, Finding Nemo",https://www.imdb.com/title/tt0118849/
The Treasure of the Sierra Madre,"The Great Escape, Yojimbo, All About Eve, Double Indemnity, The Grapes of Wrath, The Maltese Falcon, The Bridge on the River Kwai, The Best Years of Our Lives, Mr. Smith Goes to Washington, On the Waterfront, The Wages of Fear, Cool Hand Luke",https://www.imdb.com/title/tt0040897/
A Man Escaped,"Pickpocket, Au hasard Balthazar, Diary of a Country Priest, Mouchette, L'Argent, The Hole, The Trial of Joan of Arc, Ordet, Autumn Sonata, The Wages of Fear, The Cranes Are Flying, Ugetsu",https://www.imdb.com/title/tt0049902/
My Father and My Son,"My Grandfather's People, Like Stars on Earth, Children of Heaven, Happy Days, Hachi: A Dog's Tale, Our Family, Up, How to Train Your Dragon, Finding Nemo, The Sound of Music, The Incredibles, Boats Out of Watermelon Rinds",https://www.imdb.com/title/tt0476735/
The Kid,"The Circus, Monsters, Inc., Children of Heaven, It's a Wonderful Life, The Wizard of Oz, Toy Story 3, The Kid, Finding Nemo, Toy Story, A Boy of Flanders, My Neighbor Totoro, Up",https://www.imdb.com/title/tt0012349/
Sherlock Jr.,"The General, The Gold Rush, The Navigator, The Passion of Joan of Arc, Seven Chances, City Lights, Our Hospitality, Wild Strawberries, To Be or Not to Be, Metropolis, The Wages of Fear, Modern Times",https://www.imdb.com/title/tt0015324/
V for Vendetta,"A Beautiful Mind, The Truman Show, Kill Bill: Vol. 1, Pirates of the Caribbean: The Curse of the Black Pearl, Pan's Labyrinth, No Country for Old Men, Léon: The Professional, The Matrix, 'V for Vendetta' Unmasked, Mad Max: Fury Road, Shutter Island, Catch Me If You Can",https://www.imdb.com/title/tt0434409/
Pirates of the Caribbean: The Curse of the Black Pearl,"Pirates of the Caribbean: Dead Man's Chest, Pirates of the Caribbean: At World's End, Pirates of the Caribbean: On Stranger Tides, Pirates of the Caribbean: Dead Men Tell No Tales, The Lord of the Rings: The Two Towers, Pirates of the Caribbean: Tales of the Code: Wedlocked, Jurassic Park, The Lord of the Rings: The Fellowship of the Ring, Star Wars: Episode VI - Return of the Jedi, Avengers: Infinity War, The Lord of the Rings: The Return of the King, Batman Begins",https://www.imdb.com/title/tt0325980/
Dead Poets Society,"In the Name of the Father, Good Will Hunting, Gone Girl, The Truman Show, Kaos, Dead Poets Society, The Grand Budapest Hotel, A Beautiful Mind, Catch Me If You Can, Eternal Sunshine of the Spotless Mind, Beetlejuice, Life Is Beautiful",https://www.imdb.com/title/tt0097165/
Inside Out,"Inside Out 2, Up, Monsters, Inc., Ratatouille, Finding Nemo, Coco, The Incredibles, WALL·E, Toy Story 3, Toy Story, How to Train Your Dragon, The Lion King",https://www.imdb.com/title/tt2096673/
Harry Potter and the Deathly Hallows: Part 2,"Harry Potter and the Deathly Hallows: Part 1, Harry Potter and the Half-Blood Prince, Harry Potter and the Order of the Phoenix, Harry Potter and the Goblet of Fire, Harry Potter and the Prisoner of Azkaban, Harry Potter and the Chamber of Secrets, Harry Potter and the Sorcerer's Stone, Finding Nemo, Monsters, Inc., Up, Ratatouille, The Incredibles",https://www.imdb.com/title/tt1201607/
Mad Max: Fury Road,"Furiosa: A Mad Max Saga, Logan, The Wolf of Wall Street, Inglourious Basterds, Django Unchained, Pirates of the Caribbean: The Curse of the Black Pearl, The Dark Knight Rises, Catch Me If You Can, Shutter Island, The Matrix, Joker, Top Gun: Maverick",https://www.imdb.com/title/tt1392190/
The Wizard of Oz,"The Sound of Music, The Incredibles, Finding Nemo, Monsters, Inc., Toy Story, Ratatouille, The Wizard of Oz, The Lion King, Toy Story 3, How to Train Your Dragon, Up, Harry Potter and the Deathly Hallows: Part 2",https://www.imdb.com/title/tt0032138/
The Exorcist,"The Shining, The Thing, The Texas Chain Saw Massacre, Jaws, A Nightmare on Elm Street, Rosemary's Baby, Halloween, Psycho, Exorcist II: The Heretic, The Terminator, The Exorcist III, Friday the 13th",https://www.imdb.com/title/tt0070047/
The Handmaiden,"Memories of Murder, Oldboy, Lady Vengeance, Decision to Leave, Sympathy for Mr. Vengeance, Parasite, Mother, Thirst, The Secret in Their Eyes, Amores Perros, Gone Girl, Burning",https://www.imdb.com/title/tt4016934/
The Big Lebowski,"Fargo, No Country for Old Men, Trainspotting, Lock, Stock and Two Smoking Barrels, Groundhog Day, Reservoir Dogs, The Grand Budapest Hotel, Snatch, Gran Torino, The Big Lebowski 2, Full Metal Jacket, Monty Python and the Holy Grail",https://www.imdb.com/title/tt0118715/
Hacksaw Ridge,"1917, Fury, Saving Private Ryan, Catch Me If You Can, Shutter Island, Inglourious Basterds, The Wolf of Wall Street, Django Unchained, Top Gun: Maverick, Prisoners, Ford v Ferrari, 12 Years a Slave",https://www.imdb.com/title/tt2119532/
Gone Girl,"In the Name of the Father, Prisoners, Dead Poets Society, Shutter Island, Se7en, Catch Me If You Can, Zodiac, The Prestige, No Country for Old Men, Memento, A Beautiful Mind, The Grand Budapest Hotel",https://www.imdb.com/title/tt2267998/
Ratatouille,"Monsters, Inc., Up, Finding Nemo, The Incredibles, WALL·E, Toy Story, Toy Story 3, How to Train Your Dragon, Inside Out, Coco, The Lion King, Cars",https://www.imdb.com/title/tt0382932/
Catch Me If You Can,"The Wolf of Wall Street, Shutter Island, The Truman Show, Forrest Gump, Django Unchained, Inglourious Basterds, Good Will Hunting, Inception, Fight Club, A Beautiful Mind, Pulp Fiction, The Departed",https://www.imdb.com/title/tt0264464/
Jaws,"Jurassic Park, Rocky, The Terminator, Jaws 2, Indiana Jones and the Last Crusade, Raiders of the Lost Ark, Monty Python and the Holy Grail, Die Hard, Star Wars: Episode VI - Return of the Jedi, Pirates of the Caribbean: The Curse of the Black Pearl, Groundhog Day, Star Wars: Episode IV - A New Hope",https://www.imdb.com/title/tt0073195/
Blade Runner,"Blade Runner 2049, The Terminator, 2001: A Space Odyssey, Die Hard, Indiana Jones and the Last Crusade, Raiders of the Lost Ark, Mad Max: Fury Road, Star Wars: Episode VI - Return of the Jedi, Kill Bill: Vol. 1, Alien, Reservoir Dogs, 2036: Nexus Dawn",https://www.imdb.com/title/tt0083658/
The Terminator,"Terminator 2: Judgment Day, Terminator 3: Rise of the Machines, Terminator Salvation, Die Hard, Terminator Genisys, Jurassic Park, Terminator: Dark Fate, Pirates of the Caribbean: The Curse of the Black Pearl, Back to the Future, Indiana Jones and the Last Crusade, Rocky, Star Wars: Episode VI - Return of the Jedi",https://www.imdb.com/title/tt0088247/
Stand by Me,"Groundhog Day, Dead Poets Society, Into the Wild, Jaws, The Big Lebowski, Platoon, Dark Blood, Trainspotting, My Own Private Idaho, Good Will Hunting, Jurassic Park, Rocky",https://www.imdb.com/title/tt0092005/
The Help,"Room, Hidden Figures, 12 Years a Slave, Hotel Rwanda, The Help, Million Dollar Baby, Into the Wild, Spotlight, Groundhog Day, Gone Girl, Three Billboards Outside Ebbing, Missouri, Jurassic Park",https://www.imdb.com/title/tt1454029/
The Grand Budapest Hotel,"The Truman Show, The French Dispatch, Catch Me If You Can, Gone Girl, No Country for Old Men, 12 Years a Slave, Dead Poets Society, Inglourious Basterds, The Royal Tenenbaums, Shutter Island, The Big Lebowski, A Clockwork Orange",https://www.imdb.com/title/tt2278388/
Platoon,"Full Metal Jacket, The Deer Hunter, Apocalypse Now, Born on the Fourth of July, Unforgiven, The Bridge on the River Kwai, Rocky, The Big Lebowski, Gran Torino, The Terminator, Die Hard, Heaven & Earth",https://www.imdb.com/title/tt0091763/
Logan,"Deadpool, Deadpool 2, Avengers: Infinity War, The Wolverine, Spider-Man: No Way Home, X-Men: Days of Future Past, Avengers: Endgame, X-Men: First Class, X-Men Origins: Wolverine, X-Men: Apocalypse, X-Men, Batman Begins",https://www.imdb.com/title/tt3315342/
The Deer Hunter,"Platoon, Raging Bull, Apocalypse Now, Full Metal Jacket, Unforgiven, Once Upon a Time in America, On the Waterfront, The Bridge on the River Kwai, Casino, Heaven's Gate, Chinatown, Ben-Hur",https://www.imdb.com/title/tt0077416/
"Monsters, Inc.","Finding Nemo, Ratatouille, The Incredibles, Monsters University, Up, Toy Story, Toy Story 3, WALL·E, Inside Out, How to Train Your Dragon, Toy Story 2, The Lion King",https://www.imdb.com/title/tt0198781/
Fargo,"The Big Lebowski, No Country for Old Men, Trainspotting, Fargo, Reservoir Dogs, Fargo, Three Billboards Outside Ebbing, Missouri, Lock, Stock and Two Smoking Barrels, Gran Torino, Snatch, Groundhog Day, Full Metal Jacket",https://www.imdb.com/title/tt0116282/
Trainspotting,"T2 Trainspotting, Lock, Stock and Two Smoking Barrels, Snatch, The Big Lebowski, A Clockwork Orange, Requiem for a Dream, Fargo, Kill Bill: Vol. 1, Full Metal Jacket, Reservoir Dogs, The Truman Show, Gran Torino",https://www.imdb.com/title/tt0117951/
Into the Wild,"A Beautiful Mind, Gran Torino, 12 Years a Slave, Million Dollar Baby, Hotel Rwanda, Groundhog Day, Rush, Dead Poets Society, Spotlight, Good Will Hunting, The Truman Show, Catch Me If You Can",https://www.imdb.com/title/tt0758758/
Memories of Murder,"Oldboy, Mother, I Saw the Devil, The Handmaiden, Parasite, The Chaser, Burning, The Host, Prisoners, The Wailing, The Hunt, Sympathy for Mr. Vengeance",https://www.imdb.com/title/tt0353969/
"Paris, Texas","Wings of Desire, Perfect Days, Barry Lyndon, Wild Strawberries, Amores Perros, La haine, The American Friend, Fallen Angels, Mulholland Drive, Persona, Blue Velvet, Tokyo Story",https://www.imdb.com/title/tt0087884/
Ford v Ferrari,"Rush, Top Gun: Maverick, 1917, The Wolf of Wall Street, Catch Me If You Can, Hacksaw Ridge, Green Book, Ford v Ferrari - What really happened, Oppenheimer, Pirates of the Caribbean: The Curse of the Black Pearl, The Dark Knight Rises, Logan",https://www.imdb.com/title/tt1950186/
The Sound of Music,"Mary Poppins, The Wizard of Oz, The Incredibles, Finding Nemo, Monsters, Inc., How to Train Your Dragon, My Fair Lady, Ratatouille, Toy Story, The Lion King, Harry Potter and the Deathly Hallows: Part 2, It's a Wonderful Life",https://www.imdb.com/title/tt0059742/
How to Train Your Dragon,"How to Train Your Dragon 2, How to Train Your Dragon: The Hidden World, Ratatouille, Monsters, Inc., The Incredibles, Up, Finding Nemo, WALL·E, Toy Story, Toy Story 3, Inside Out, The Lion King",https://www.imdb.com/title/tt0892769/
Warrior,"Million Dollar Baby, Rush, Gran Torino, The Fighter, Mad Max: Fury Road, Warrior, Ford v Ferrari, Hacksaw Ridge, Snatch, Prisoners, 12 Years a Slave, Voin",https://www.imdb.com/title/tt1291584/
"Three Billboards Outside Ebbing, Missouri","The Grand Budapest Hotel, Fargo, 12 Years a Slave, Spotlight, No Country for Old Men, Gran Torino, The Banshees of Inisherin, Green Book, Gone Girl, Lock, Stock and Two Smoking Barrels, There Will Be Blood, The Big Lebowski",https://www.imdb.com/title/tt5027774/
Rocky,"Rocky II, Rocky III, Rocky IV, Mary and Max, The Elephant Man, Rashomon, A Beautiful Mind, Rocky V, V for Vendetta, Rocky Balboa, Prisoners, Eternal Sunshine of the Spotless Mind",https://www.imdb.com/title/tt0075148/
12 Years a Slave,"Million Dollar Baby, A Beautiful Mind, Hacksaw Ridge, Gran Torino, The Grand Budapest Hotel, Catch Me If You Can, Spotlight, 1917, Gone Girl, Green Book, The Intouchables, Django Unchained",https://www.imdb.com/title/tt2024544/
Before Sunrise,"Before Sunset, Before Midnight, Amélie, Before Sunrise, Eternal Sunshine of the Spotless Mind, Into the Wild, Dead Poets Society, Good Will Hunting, Boyhood, The Grand Budapest Hotel, 500 Days of Summer, Gone Girl",https://www.imdb.com/title/tt0112471/
Million Dollar Baby,"Gran Torino, 12 Years a Slave, A Beautiful Mind, Unforgiven, Rocky, Warrior, Jurassic Park, Catch Me If You Can, V for Vendetta, Braveheart, No Country for Old Men, Cry Macho",https://www.imdb.com/title/tt0405159/
Network,"On the Waterfront, Cool Hand Luke, Chinatown, The Best Years of Our Lives, The Grapes of Wrath, Dog Day Afternoon, The Wages of Fear, Mr. Smith Goes to Washington, Wild Strawberries, To Be or Not to Be, Barry Lyndon, The Third Man",https://www.imdb.com/title/tt0074958/
Spotlight,"12 Years a Slave, Room, Three Billboards Outside Ebbing, Missouri, Million Dollar Baby, Rush, Birdman or (The Unexpected Virtue of Ignorance), A Beautiful Mind, Into the Wild, The King's Speech, Hotel Rwanda, The Grand Budapest Hotel, Gran Torino",https://www.imdb.com/title/tt1895587/
Room,"Spotlight, The Help, 12 Years a Slave, A Beautiful Mind, Mary and Max, Gone Girl, V for Vendetta, Into the Wild, The Elephant Man, Logan, Three Billboards Outside Ebbing, Missouri, Prisoners",https://www.imdb.com/title/tt3170832/
Rush,"Ford v Ferrari, Warrior, 12 Years a Slave, Hunt vs Lauda: F1's Greatest Racing Rivals, Hacksaw Ridge, Spotlight, Pirates of the Caribbean: The Curse of the Black Pearl, Into the Wild, Gran Torino, Catch Me If You Can, Million Dollar Baby, 1917",https://www.imdb.com/title/tt1979320/
The Best Years of Our Lives,"The Grapes of Wrath, To Be or Not to Be, It Happened One Night, Mr. Smith Goes to Washington, Rebecca, All About Eve, The Treasure of the Sierra Madre, The Wages of Fear, The Battle of Algiers, On the Waterfront, The Bridge on the River Kwai, The Passion of Joan of Arc",https://www.imdb.com/title/tt0036868/
"Lock, Stock and Two Smoking Barrels","Snatch, RocknRolla, Trainspotting, The Big Lebowski, Lock, Stock..., Reservoir Dogs, Die Hard, Kill Bill: Vol. 1, Gran Torino, Fargo, The Gentlemen, Full Metal Jacket",https://www.imdb.com/title/tt0120735/
Gran Torino,"Million Dollar Baby, Unforgiven, 12 Years a Slave, Cry Macho, Gran Torino: Next Door, The Mule, No Country for Old Men, The Big Lebowski, Into the Wild, Catch Me If You Can, A Beautiful Mind, V for Vendetta",https://www.imdb.com/title/tt1205489/
Chinatown,"Raging Bull, Vertigo, The Deer Hunter, Network, Rear Window, Fargo, Apocalypse Now, The Sting, Citizen Kane, The Two Jakes, Unforgiven, The Elephant Man",https://www.imdb.com/title/tt0071315/
My Neighbor Totoro,"Howl's Moving Castle, Spirited Away, Ponyo, Kiki's Delivery Service, Castle in the Sky, The Secret World of Arrietty, Whisper of the Heart, Up, Monsters, Inc., From Up on Poppy Hill, Ratatouille, The Cat Returns",https://www.imdb.com/title/tt0096283/
Wild Tales,"The Secret in Their Eyes, Amores Perros, Wild Tales, Room, Nine Queens, Super Deluxe, Three Billboards Outside Ebbing, Missouri, Memories of Murder, The Lives of Others, A Separation, Capernaum, 12 Years a Slave",https://www.imdb.com/title/tt3011894/
Ben-Hur,"The Bridge on the River Kwai, Gone with the Wind, The Firing Squad, Lawrence of Arabia, Spartacus, Ben-Hur, The Great Escape, On the Waterfront, The Deer Hunter, Unforgiven, The Best Years of Our Lives, Barry Lyndon",https://www.imdb.com/title/tt0052618/
The Third Man,"Double Indemnity, On the Waterfront, The Grapes of Wrath, The Treasure of the Sierra Madre, The Maltese Falcon, Touch of Evil, Wild Strawberries, Sunset Boulevard, The Wages of Fear, To Be or Not to Be, Mr. Smith Goes to Washington, All About Eve",https://www.imdb.com/title/tt0041959/
Barry Lyndon,"2001: A Space Odyssey, Dr. Strangelove or: How I Learned to Stop Worrying and Love the Bomb, A Clockwork Orange, A Boy Named Death, Little Luis, Closure, Lolita, Full Metal Jacket, Mission: Guerrero, Spartacus, Death's Sonata, Paths of Glory",https://www.imdb.com/title/tt0072684/
The Seventh Seal,"Wild Strawberries, Persona, Rashomon, Fanny and Alexander, The Seventh Seal, Barry Lyndon, Cries & Whispers, Yojimbo, Autumn Sonata, Stalker, The Passion of Joan of Arc, The Third Man",https://www.imdb.com/title/tt0050976/
Hachi: A Dog's Tale,"Ratatouille, Finding Nemo, Up, How to Train Your Dragon, Monsters, Inc., The Incredibles, The Lion King, Toy Story, WALL·E, Harry Potter and the Deathly Hallows: Part 2, Toy Story 3, Hachi-ko",https://www.imdb.com/title/tt1028532/
The Iron Giant,"The Incredibles, Ratatouille, Klaus, WALL·E, Monsters, Inc., Finding Nemo, Up, How to Train Your Dragon, Toy Story, Toy Story 3, Toy Story 2, My Neighbor Totoro",https://www.imdb.com/title/tt0129167/
Raging Bull,"Casino, The Deer Hunter, Taxi Driver, Goodfellas, Once Upon a Time in America, Heat, The Bronx Bull, Scarface, Reservoir Dogs, Chinatown, Fargo, Apocalypse Now",https://www.imdb.com/title/tt0081398/
La haine,"Trainspotting, The Big Lebowski, Raging Bull, City of God, A Clockwork Orange, The Seventh Seal, Amores Perros, Barry Lyndon, La haine, Taxi Driver, The Grand Budapest Hotel, Kill Bill: Vol. 1",https://www.imdb.com/title/tt0113247/
In the Name of the Father,"Dead Poets Society, Gone Girl, My Left Foot, The Boxer, L.A. Confidential, Teen Torture, Inc., Ctrl+Alt+Desire, Taxi Driver, The Black Widower: The Six Wives of Thomas Randolph, Green Book, Dune: Part Two, There Will Be Blood",https://www.imdb.com/title/tt0107207/
Before Sunset,"Before Sunrise, Before Midnight, Amélie, Into the Wild, Before Sunrise, Dead Poets Society, Eternal Sunshine of the Spotless Mind, Room, Amores Perros, Boyhood, The Grand Budapest Hotel, Groundhog Day",https://www.imdb.com/title/tt0381681/
Mary and Max,"Rocky, Eternal Sunshine of the Spotless Mind, Harvie Krumpet, The Elephant Man, Rashomon, L.A. Confidential, Memoir of a Snail, Dr. Strangelove or: How I Learned to Stop Worrying and Love the Bomb, V for Vendetta, Ctrl+Alt+Desire, Teen Torture, Inc., The Black Widower: The Six Wives of Thomas Randolph",https://www.imdb.com/title/tt0978762/
On the Waterfront,"The Bridge on the River Kwai, A Streetcar Named Desire, Ben-Hur, The Grapes of Wrath, The Treasure of the Sierra Madre, The Best Years of Our Lives, All About Eve, It Happened One Night, Cool Hand Luke, The Deer Hunter, Gone with the Wind, Mr. Smith Goes to Washington",https://www.imdb.com/title/tt0047296/
Rebecca,"The Grapes of Wrath, It Happened One Night, Dial M for Murder, Notorious, Shadow of a Doubt, The Best Years of Our Lives, North by Northwest, All About Eve, Strangers on a Train, Mr. Smith Goes to Washington, Rope, Suspicion",https://www.imdb.com/title/tt0032976/
The Bridge on the River Kwai,"Ben-Hur, The Great Escape, Lawrence of Arabia, On the Waterfront, Gone with the Wind, The Treasure of the Sierra Madre, Cool Hand Luke, The Sting, The Deer Hunter, Platoon, Unforgiven, The Best Years of Our Lives",https://www.imdb.com/title/tt0050212/
Mr. Smith Goes to Washington,"It Happened One Night, The Grapes of Wrath, The Best Years of Our Lives, The Treasure of the Sierra Madre, To Be or Not to Be, Rebecca, All About Eve, Cool Hand Luke, You Can't Take It with You, On the Waterfront, The Wages of Fear, Gone with the Wind",https://www.imdb.com/title/tt0031679/
Hotel Rwanda,"Reservoir Dogs, Mary and Max, Downfall, Spotlight, In the Name of the Father, Room, Into the Wild, Assembly Required, The Secret in Their Eyes, Million Dollar Baby, 12 Years a Slave, A Message for Peace: Making 'Hotel Rwanda'",https://www.imdb.com/title/tt0395169/
Tokyo Story,"Late Spring, The Wages of Fear, Wild Strawberries, The Passion of Joan of Arc, Rashomon, Ikiru, To Be or Not to Be, Early Summer, Yojimbo, The Battle of Algiers, The Best Years of Our Lives, High and Low",https://www.imdb.com/title/tt0046438/
The Grapes of Wrath,"The Best Years of Our Lives, Mr. Smith Goes to Washington, To Be or Not to Be, Rebecca, The Battle of Algiers, It Happened One Night, Cool Hand Luke, The Treasure of the Sierra Madre, On the Waterfront, The Wages of Fear, The Passion of Joan of Arc, All About Eve",https://www.imdb.com/title/tt0032551/
The Wages of Fear,"To Be or Not to Be, The Battle of Algiers, Tokyo Story, The Best Years of Our Lives, The Grapes of Wrath, The Passion of Joan of Arc, Wild Strawberries, Mr. Smith Goes to Washington, The Treasure of the Sierra Madre, Diabolique, On the Waterfront, The Third Man",https://www.imdb.com/title/tt0046268/
The Battle of Algiers,"The Grapes of Wrath, The Wages of Fear, To Be or Not to Be, The Best Years of Our Lives, The Passion of Joan of Arc, Tokyo Story, Cool Hand Luke, Wild Strawberries, Rebecca, It Happened One Night, Mr. Smith Goes to Washington, The Battle of Algiers, a Film Within History",https://www.imdb.com/title/tt0058946/
Wild Strawberries,"The Seventh Seal, Persona, Cries & Whispers, The Virgin Spring, Fanny and Alexander, Winter Light, Autumn Sonata, Tokyo Story, The Passion of Joan of Arc, To Be or Not to Be, The Wages of Fear, Rashomon",https://www.imdb.com/title/tt0050986/
To Be or Not to Be,"The Best Years of Our Lives, The Grapes of Wrath, It Happened One Night, The Wages of Fear, Mr. Smith Goes to Washington, The Battle of Algiers, The Passion of Joan of Arc, Rebecca, Wild Strawberries, Tokyo Story, The Treasure of the Sierra Madre, The Third Man",https://www.imdb.com/title/tt0035446/
The Passion of Joan of Arc,"The General, Sherlock Jr., Tokyo Story, The Gold Rush, Wild Strawberries, To Be or Not to Be, The Wages of Fear, The Grapes of Wrath, The Battle of Algiers, The Best Years of Our Lives, Metropolis, It Happened One Night",https://www.imdb.com/title/tt0019254/
The General,"Sherlock Jr., The Gold Rush, The Passion of Joan of Arc, City Lights, The Navigator, Metropolis, It Happened One Night, The Grapes of Wrath, Modern Times, To Be or Not to Be, Mr. Smith Goes to Washington, The Wages of Fear",https://www.imdb.com/title/tt0017925/
The Gold Rush,"City Lights, The General, Modern Times, Sherlock Jr., The Great Dictator, The Passion of Joan of Arc, Limelight, Metropolis, The Pilgrim, Mr. Smith Goes to Washington, It Happened One Night, A Dog's Life",https://www.imdb.com/title/tt0015864/
The Incredibles,"Incredibles 2, Monsters, Inc., Ratatouille, Finding Nemo, Up, Toy Story, Toy Story 3, WALL·E, How to Train Your Dragon, Inside Out, Cars, The Lion King",https://www.imdb.com/title/tt0317705/
Groundhog Day,"The Big Lebowski, Die Hard, The Truman Show, The Terminator, Into the Wild, Monty Python and the Holy Grail, Jaws, Jurassic Park, Jeep: Groundhog Day, Rocky, Stand by Me, Good Will Hunting",https://www.imdb.com/title/tt0107048/
Cool Hand Luke,"The Sting, The Grapes of Wrath, The Great Escape, The Bridge on the River Kwai, It Happened One Night, Butch Cassidy and the Sundance Kid, The Treasure of the Sierra Madre, On the Waterfront, Mr. Smith Goes to Washington, Rebecca, The Best Years of Our Lives, The Battle of Algiers",https://www.imdb.com/title/tt0061512/
Amores Perros,"Babel, 21 Grams, Cool Hand Luke, Wild Tales, Y tu mamá también, Biutiful, The Secret in Their Eyes, The Grapes of Wrath, Rebecca, The Battle of Algiers, Before Sunset, Into the Wild",https://www.imdb.com/title/tt0245712/
